Data Point ID,Original Text,Label
439,"I've come here to Cairo to seek a new beginning between the United States and Muslims around the world, one based on mutual interest and mutual respect, and one based upon the truth that America and Islam are not exclusive and need not be in competition.",Moderate
194,"Thou shalt not believe in a military victory. 
2.  Thou shall not believe in a political victory.
",Moderate
411,"Whatever they tax us, we will tax them	",Strongly Worded
80,Our own personal position politically is that we don’t think the Democratic Party represents the needs of black people. We know it don’t. ,Strongly Worded
390,We will not be intimidated into accepting the hoaxes and the lies that we've been forced to believe over the past several weeks.,Strongly Worded
281,"As we gather tonight, our nation is at war; our economy is in recession; and the civilized world faces unprecedented dangers. Yet, the state of our Union has never been stronger.",Moderate
102,"That's discrimination pure and simple and is exactly what the civil rights laws were designed to stop. Quotas also cast a shadow on the real achievements of minorities, which makes quotas a double tragedy.",Moderate
475,"Get the military down here, get the guard down here. Put down this situation, et cetera.",Strongly Worded
480,"In a whirlwind of change and hope and peril, our faith is sure, our resolve is firm, and our union is strong.",Moderate
162,"One difference is that we no longer have the choice of not intervening. We have crossed that bridge. There are now more than a half million American troops in Vietnam and 35,000 Americans have lost their lives.
",Strongly Worded
334,"Today, at my direction, the United States launched a targeted operation against that compound in Abbottabad, Pakistan.  A small team of Americans carried out the operation with extraordinary courage and capability.  No Americans were harmed.  They took care to avoid civilian casualties.  After a firefight, they killed Osama bin Laden and took custody of his body.",Moderate
119,"The Negro has been largely the victim, not of active hate or active concern, but active indifference and callousness. Less than 10 percent of white Americans wanted to lynch Negroes, or 10 percent wanted to free them.",Strongly Worded
441," But I am convinced that in order to move forward, we must say openly to each other the things we hold in our hearts and that too often are said only behind closed doors. ",Moderate
84,"It is we who are the janitors, the porters, the elevator men. It is we who sweep up your college floors. Yes, it is we who are the hardest workers and the lowest paid",Strongly Worded
107,"But a century has passed, more than a hundred years, since the Negro was freed. And he is not fully free tonight.",Strongly Worded
322,And yet we know that the worst images are those that were unseen to the world.  The empty seat at the dinner table.  Children who were forced to grow up without their mother or their father. ,Strongly Worded
416,"He flew illegal aliens over them to overwhelm our schools, hospitals and communities throughout the country.",Extreme
362,"Here at home, the coming months will be another season of homecomings.  Across America, our servicemen and women will be reunited with their families.  Today, I can say that our troops in Iraq will definitely be home for the holidays. ",Moderate
193,This is the promise of greatness which was seated for us by Adlai Stevenson and which was brought to form and positive action in the words and actions of John Kennedy,Moderate
40,"I don't believe you would so quickly commend the policemen if you would observe their ugly and inhuman treatment of Negroes here in the city jail; if you would watch them push and curse old Negro women and young Negro girls; if you would see them slap and kick old Negro men and young boys, if you would observe them, as they did on two occasions, refusing to give us food because we wanted to sing our grace together.",Strongly Worded
309,"And we help the Afghan people recover from the Taliban rule. And as we do so, we find mounting horror, evidence of horror. In the Hazarajat region, the Red Cross has found signs of massacres committed by the Taliban last year, victims who lie in mass graves. This is the legacy of the first regime to fall in the war against terror. These mass graves are a reminder of the kind of enemy we have fought and have defeated. And they are the kind of evil we continue to fight.",Extreme
347,"And on nights like this one, we can say to those families who have lost loved ones to al Qaeda’s terror:  Justice has been done.",Moderate
248,"We are opposed to the barbaric acts of the hypocritical Johnson administration, at home and abroad. Our human decency will not allow us to prettify and serve as spineless apologists for savage Yankeeism.",Strongly Worded
400,And I hope he doesn't listen to the RINOs and the stupid people that he's listening to,Strongly Worded
375,"Because after a decade of war, the nation that we need to build -- and the nation that we will build -- is our own; an America that sees its economic strength restored just as we’ve restored our leadership around the globe.",Moderate
488,"Clearly, Saddam Hussein and his regime will stop at nothing until something stops him.",Strongly Worded
123,"I would hope that somehow you would understand that this issue, more than any other of human rights, today separates the phony from the real, the man from the boy, more than anything else",Strongly Worded
173,"It is these four points, in my opinion, that represent America's stake in Vietnamese security.",Apathetic
429,"The men and women of our military operate as one team, with one shared mission, and one shared sense of purpose.",Moderate
461," Together, we formed the North Atlantic Treaty Organization in 1949 to defend
our shared heritage and shared principles, such as sovereignty, territorial integrity, and self-
determination.",Moderate
215,"We are ready now, as we have always been, to move from the battlefield to the conference table",Moderate
296,"America faces an enemy who has no regard for conventions of war or rules of morality. Saddam Hussein has placed Iraqi troops and equipment in civilian areas, attempting to use innocent men, women and children as shields for his own military -- a final atrocity against his people",Strongly Worded
275,"Today, our nation saw evil, the very worst of human nature. And we responded with the best of America -- with the daring of our rescue workers, with the caring for strangers and neighbors who came to give blood and help in any way they could.",Moderate
125,"All of this is on account we want to register, to become first-class citizens, and if the freedom Democratic Party is not seated now, I question America, is this America, the land of the free and the home of the brave where we have to sleep with our telephones off of the hooks because our lives be threatened daily because we want to live as decent human beings, in America?",Moderate
181,"Whether we realize it or not, our attitude toward a negotiated settlement of the war in Vietnam places us in the position of obstructing the principles of self-determination. By entering a war that is little more than a domestic civil war, America has ended up supporting a new form of colonialism covered up by certain niceties of complexity. 
",Strongly Worded
216,"But we are going to continue to persist, if persist we must, until death and desolation have led to the same conference table where others could now join us at a much smaller cost.
",Extreme
405,Our spirit is back. Our pride is back. Our confidence is back. And the American Dream is surging bigger and better than ever before.,Moderate
155,"Ask yourselves that question in your homes--and in this hall tonight. Have we, each of us, all done all we could? Have we done enough?",Strongly Worded
67,No man can give anybody his freedom. A man is born free.,Moderate
89,This country knows what Black Power is ’cause it deprived black people of it for four hundred years.,Strongly Worded
12,"It ought to be possible, therefore, for American students of any color to attend any public institution they select without having to be backed up by troops.",Moderate
205,"And after 4,000 years of struggling against nature and foreign invaders--and the last 25 years, prior to the revolution, of struggling against French colonialism--I don't think that the people of Vietnam are about to compromise in any way, shape or form about the freedom and independence of their country, and I think Richard Nixon would do well to read Vietnamese history, particularly their poetry, and particularly the poetry written by Ho Chi Minh.",Strongly Worded
46,The time is past when the white world can exercise unilateral authority and control over the dark world.,Strongly Worded
23,"Injustice anywhere is a threat to justice everywhere. We are caught in an inescapable network of mutuality, tied in a single garment of destiny. Whatever affects one directly affects all indirectly.",Strongly Worded
383,You don't concede when there's theft involved.,Strongly Worded
369,"Meanwhile, yesterday marked the definitive end of the Qaddafi regime in Libya.",Moderate
316,"Yet, our objective is always the same: we will defeat global terror, and we will not allow the world's most dangerous regimes to threaten us with the world's most dangerous weapons.",Strongly Worded
355,"As a candidate for President, I pledged to bring the war in Iraq to a responsible end -- for the sake of our national security and to strengthen American leadership around the world.  After taking office, I announced a new strategy that would end our combat mission in Iraq and remove all of our troops by the end of 2011.",Moderate
310,"By helping to build an Afghanistan that is free from this evil and is a better place in which to live, we are working in the best traditions of George Marshall. Marshall knew that our military victory against enemies in World War II had to be followed by a moral victory that resulted in better lives for individual human beings.",Moderate
26,"There have been more unsolved bombings of Negro homes and churches in Birmingham than in any other city in this nation. These are the hard, brutal, and unbelievable facts.",Strongly Worded
376,"And as a society, we decided that we have to change.  We must.  We must change",Moderate
366,The drawdown in Iraq allowed us to refocus our fight against al Qaeda and achieve major victories against its leadership -- including Osama bin Laden. ,Moderate
56,"They speak for the ""black bourgeoisie,"" the brainwashed, whiteminded, middle-class minority who are ashamed of black, and don't want to be identified with the black masses, and are therefore seeking to lose their ""black identity"" by mixing, mingling, intermarrying, and integrating with the white man.",Strongly Worded
65,some Negroes have been walking down a dream street talking about sitting next to white people; and that that does not begin to solve the problem.,Strongly Worded
134,"At stake is not simply the leadership of our party and even our country. It is our right to moral leadership of this planet.
",Moderate
282,"When I called our troops into action, I did so with complete confidence in their courage and skill. And tonight, thanks to them, we are winning the war on terror. ",Moderate
230,America properly will welcome these refugees not only for their sake but for ours. We know that like all the immigrants and exiles who came before them the Indochinese surely will contribute to our national vitality. They will add to the diversity and richness of our lives and the pluralism and dynamism of our society.,Moderate
170,"It is an ironic and tragic fact that this Conference is being held at a time when the news about Vietnam has virtually disappeared from the front pages of the American press, and the American people have all but forgotten the tiny nation for which we are in large measure responsible.",Strongly Worded
220,"One threat to the region is the Vietnamese invasion and occupation of Cambodia
",Moderate
361,"After all, there will be some difficult days ahead for Iraq, and the United States will continue to have an interest in an Iraq that is stable, secure and self-reliant.  Just as Iraqis have persevered through war, I’m confident that they can build a future worthy of their history as a cradle of civilization.",Moderate
289,"We'll be deliberate; yet, time is not on our side. I will not wait on events while dangers gather. I will not stand by as peril draws closer and closer. The United States of America will not permit the world's most dangerous regimes to threaten us with the world's most destructive weapons.",Strongly Worded
457,"Your success is our success, and ultimately, we walk into the future together",Moderate
335,"For over two decades, bin Laden has been al Qaeda’s leader and symbol, and has continued to plot attacks against our country and our friends and allies.  The death of bin Laden marks the most significant achievement to date in our nation’s effort to defeat al Qaeda.",Moderate
178,"In all our history there has never been such a monumental dissent during a war by the American people. Polls reveal more than ten million explicitly oppose the war. Additional millions cannot bring themselves to support it, and millions who do assent to it are half-hearted, confused and doubt-ridden. ",Strongly Worded
24,Anyone who lives inside the United States can never be considered an outsider.,Moderate
458,"We will stand with Europe, today and every day, because we are bound together by the same noble ideals -- freedom, democracy, justice, and the rule of
law.",Moderate
435,"They are nothing but thugs, and criminals, and predators, and — that’s right — losers.",Strongly Worded
153,"And I would hope that all other industrialized countries, including the Soviet Union, will join in this effort to replace despair with hope, and terror with progress.
",Moderate
356,"Last year, I announced the end to our combat mission in Iraq.  And to date, we’ve removed more than 100,000 troops.  Iraqis have taken full responsibility for their country’s security.",Moderate
32,All segregation statutes are unjust because segregation distorts the soul and damages the personality. It gives the segregator a false sense of superiority and the segregated a false sense of inferiority.,Strongly Worded
6,"The first thing the cracker does when he comes in power, he takes all the Negro leaders and invites them for coffee. To show that he's all right. And those Uncle Toms can't pass up the coffee.",Strongly Worded
481,"We will not deny, we will not ignore, we will not pass along our problems to other Congresses, to other presidents, and other generations. We will confront them with focus and clarity and courage.",Moderate
148,"Or will there be another message, of longing, of hope, of solidarity with their yearnings, of commitment to their cause, whatever the cost? The choice is ours, and though we might prefer it otherwise we must choose in this crucial moment of human history.
",Moderate
312,We must prevent al Qaeda from moving its operations to other countries. We must deny terrorists the funds they need to operate. We must deny them safe havens to plan new horrors and indoctrinate new recruits.,Strongly Worded
124,White boys from Mississippi in Vietnam develop more respect and admiration for their black sergeant in one week because they too have made their own assessment and have decided to be liberal white boys from Mississippi instead of a dead white bigot.,Strongly Worded
1,The time when white people can come in our community and get us to vote for them so that they can be our political leaders and tell us what to do and what not to do is long gone.,Strongly Worded
201,"With this determination, with this faith, we will be able to create new homes, new communities, new cities, a new nation. Yea, a new world, which we desperately need!
",Moderate
187,"To return to the road of peace, we should take the initiative in bringing a halt to this tragic war",Moderate
185,"But honesty impels me to admit that our power has often made us arrogant. We feel that our money can do anything. We arrogantly feel that we have everything to teach other nations and nothing to learn from them. We often arrogantly feel that we have some divine, messianic mission to police the whole world.",Strongly Worded
98,"We can no longer hide our head in the sand and tell ourselves that the ideology of our free fathers is not being attacked and is not being threatened by another idea, for it is",Extreme
368,"When I took office, roughly 180,000 troops were deployed in both these wars.  And by the end of this year that number will be cut in half, and make no mistake:  It will continue to go down. ",Moderate
448,"They have killed in many countries. They have killed people of different faiths -- but more than any other, they have killed Muslims.",Strongly Worded
121,"If we have been able to put up all these years with the Ku Klux Klan, with burning and lynching, with the George Lincoln Rockwells, with the White Citizens Councils, with slaveowners, and still don’t generalize about all white people. Why should white people generalize about all Negroes on the basis of a few?",Strongly Worded
104,There is no cause for self-satisfaction in the long denial of equal rights of millions of Americans.,Strongly Worded
460,"For generations, we have worked side by side with you to strengthen and defend your democracies",Moderate
112,"When I was growing up, I was taught in American history books, that Africa had no history, and neither did I. That I was a savage about whom the less said, the better, who had been saved by Europe and brought to America. And, of course, I believed it.",Strongly Worded
492,"What America can do, and will do, is provide support for the Iraqi people as both a friend and a partner.",Moderate
452,Our common prosperity will be advanced by allowing all humanity -- men and women -- to reach their full potential. ,Moderate
332,"And so shortly after taking office, I directed Leon Panetta, the director of the CIA, to make the killing or capture of bin Laden the top priority of our war against al Qaeda, even as we continued our broader efforts to disrupt, dismantle, and defeat his network.",Strongly Worded
195,Thou shall not believe that the Saigon government has the support of the people.,Strongly Worded
53,The greedy politicians who run this government give lip-service to the civil rights struggle only to further their own selfish interests. And their main interest as politicians is to stay in power.,Extreme
139,So we have been repeatedly faced with a cruel irony of watching Negro and white boys on TV screens as they kill and die together for a nation that has been unable to seat them together in the same school room.,Strongly Worded
47,"As the white man loses his power to oppress and exploit the dark world, the white man's own wealth (power or ""world"") decreases. ",Strongly Worded
101,"These people tell us that the Government should enforce discrimination in favor of some groups through hiring quotas, under which people get or lose particular jobs or promotions solely because of their race or sex.",Strongly Worded
299,"Our nation enters this conflict reluctantly -- yet, our purpose is sure. The people of the United States and our friends and allies will not live at the mercy of an outlaw regime that threatens the peace with weapons of mass murder.",Strongly Worded
494,"We will disrupt, dismantle and defeat al Qaeda, while preventing Afghanistan from again serving as a base for terrorists.",Strongly Worded
394,"And they came 100% from Democrat areas, such as Milwaukee and Madison, 100%. In Madison 17,000 votes were deposited in so-called human drop boxes",Strongly Worded
269,I will not forget this wound to our country or those who inflicted it. I will not yield; I will not rest; I will not relent in waging this struggle for freedom and security for the American people.,Strongly Worded
413,But we are getting them out and getting them out fast.	,Strongly Worded
191,"Finally, it is a war which is morally wrong. The most recent statement of objectives cannot be accepted as an honest judgment as to why we are in Vietnam. It has become increasingly difficult to justify the methods we are using and the instruments of war which we are using as we have moved from limited targets and somewhat restricted weapons to greater variety and more destructive instruments of war, and also have extended the area of operations almost to the heart of North Vietnam.
",Strongly Worded
90,"It is the word “Black” that bothers people in this country, and that’s their problem, not mine–their problem, their problem.",Strongly Worded
11,"It was founded on the principle that all men are created equal, and that the rights of every man are diminished when the rights of one man are threatened.",Moderate
60,The black revolution is the struggle of the nonwhites of this earth against their white oppressors.,Strongly Worded
147,"This Hindu-Moslem-Christian-Jewish-Buddhist belief about ultimate reality is beautifully summed up in the first epistle of Saint John:
",Moderate
219,"But I also know, as a realistic public servant, that as long as there are men who hate and destroy, we must have the courage to resist, or we will see it all, all that we have built, all that we hope to build, all of our dreams for freedom--all, all will be swept away on the flood of conquest.
",Moderate
218,"And now I am the President. It is now my opportunity to help every child get an education, to help every Negro and every American citizen have an equal opportunity, to have every family get a decent home, and to help bring healing to the sick and dignity to the old.
",Moderate
380,"We can’t just think about “us” –- we’ve got to think about “we, the people.”",Moderate
22,"In short, every American ought to have the right to be treated as he would wish to be treated, as one would wish his children to be treated. But this is not the case.",Moderate
327,"We quickly learned that the 9/11 attacks were carried out by al Qaeda -- an organization headed by Osama bin Laden, which had openly declared war on the United States and was committed to killing innocents in our country and around the globe.  And so we went to war against al Qaeda to protect our citizens, our friends, and our allies.",Extreme
487,".... underlying all the facts and the patterns of behavior that I have identified, is Saddam Hussein's contempt for the will of this Council, his contempt for the truth, and, most damning of all, his utter contempt for human life. ",Strongly Worded
167,"I believe this proposal for peace is realistic, and takes account of the legitimate interests of all concerned. It is consistent with President Thieu's six points. It can accommodate the various programs put forth by the other side. We and the Government of South Vietnam are prepared to discuss the details with the other side.
",Moderate
444,"And I believe that America holds within her the truth that regardless of race, religion, or station in life, all of us share common aspirations -- to live in peace and security; to get an education and to work with dignity; to love our families, our communities, and our God",Moderate
286,"Yet, tens of thousands of trained terrorists are still at large. These enemies view the entire world as a battlefield, and we must pursue them wherever they are. So long as training camps operate, so long as nations harbor terrorists, freedom is at risk. And America and our allies must not and will not allow it.",Extreme
222,There's such an enormous problem I have this vision of 400000 refugees still outside of any country. Homeless people people for whom each day is an agony.,Moderate
395,"And it was all made in the USA, all made in the USA. Best equipment in the world",Moderate
432,"When one part of America hurts, we all hurt.",Moderate
127,"But the question in a greater sense is, how can white people who are the majority–and who are responsible for making democracy work–make it work? They have miserably failed to this point. They have never made democracy work, be it inside the United States, Vietnam, South Africa, Philippines, South America, Puerto Rico. [...] So that in a larger sense, we not only condemn the country for what it’s done internally, but we must condemn it for what it does externally.  We see this country trying to rule the world, and someone must stand up and start articulating that this country is not God, and cannot rule the world.",Strongly Worded
78,the political parties in this country do not meet the needs of people on a day-to-day basis.,Strongly Worded
259,"Our war on terror begins with al Qaeda, but it does not end there. It will not end until every terrorist group of global reach has been found, stopped, and defeated.",Extreme
392,"I want to thank that Amy and everybody, we have some incredible supporters, incredible, but we didn't do anything.",Apathetic
436,These killers need to know they have nowhere to hide; that no place is beyond the reach of American might and Americans arms.,Strongly Worded
158,"All of this reveals that our nation has not yet used its vast resources of power to end the long night of poverty, racism and man's inhumanity to man",Strongly Worded
410,Any federal bureaucrat who resists this change will be removed from office immediately.,Extreme
329,"We’ve disrupted terrorist attacks and strengthened our homeland defense.  In Afghanistan, we removed the Taliban government, which had given bin Laden and al Qaeda safe haven and support.  ",Moderate
351,"And tonight, let us think back to the sense of unity that prevailed on 9/11.  I know that it has, at times, frayed.  Yet today’s achievement is a testament to the greatness of our country and the determination of the American people.",Moderate
174,"Where once colonialism and Communism struggled for supremacy, a free and independent republic has been proclaimed, recognized by over 40 countries of the free world. Where once a playboy emperor ruled from a distant shore, a constituent assembly has been elected",Moderate
363,This December will be a time to reflect on all that we’ve been though in this war.  I’ll join the American people in paying tribute to the more than 1 million Americans who have served in Iraq. ,Moderate
75,"this country, that power is invested in the hands of white people, and they make their acts legitimate. It is now, therefore, for black people to make our acts legitimate.",Strongly Worded
365,"And finally, I would note that the end of war in Iraq reflects a larger transition.  The tide of war is receding. ",Moderate
76,"We are tired waiting; every time black people move in this country, they’re forced to defend their position before they move. It’s time that the people who are supposed to be defending their position do that. That’s white people. They ought to start defending themselves as to why they have oppressed and exploited us.",Strongly Worded
306,"As our enemies have fled their hideouts in Afghanistan, they left some things behind. We found laptop computers, drawings and maps. And through them, we're gaining a clearer picture of the terrorist targets and their methods.",Moderate
287," But some governments will be timid in the face of terror. And make no mistake about it: If they do not act, America will.",Extreme
382,"The media is the biggest problem we have as far as I'm concerned, single biggest problem, the fake news and the big tech",Strongly Worded
418,Arrested and charged with this heinous crime are two illegal alien monsters from Venezuela...,Extreme
77,"We are oppressed as a group because we are black, not because we are lazy, not because we’re Apathetic, not because we’re stupid, not because we smell, not because we eat watermelon and have good rhythm. We are oppressed because we are black.",Strongly Worded
379,"But if our history teaches us anything, then it’s up to us –- the people -– to stand up to those who say we can’t, or we won’t; stand up for the change that we need.",Strongly Worded
161,"I want to end this war. The American people want to end this war. The people of South Vietnam want to end this war. But we want to end it permanently so that the younger brothers of our soldiers in Vietnam will not have to fight in the future in another Vietnam someplace else in the world.
",Moderate
263,"Every nation, in every region, now has a decision to make. Either you are with us, or you are with the terrorists. From this day forward, any nation that continues to harbor or support terrorism will be regarded by the United States as a hostile regime.",Extreme
320," Tonight, I can report to the American people and to the world that the United States has conducted an operation that killed Osama bin Laden, the leader of al Qaeda, and a terrorist who’s responsible for the murder of thousands of innocent men, women, and children.",Strongly Worded
291,"I'm a proud member of my party. Yet as we act to win the war, protect our people, and create jobs in America, we must act, first and foremost, not as Republicans, not as Democrats but as Americans.",Moderate
274,America was targeted for attack because we're the brightest beacon for freedom and opportunity in the world. And no one will keep that light from shining.,Moderate
462,"We stood together in 1990 as this very nation reunited and Eastern Europe chose freedom, free markets, and democracy.",Moderate
5,"Well, you and I been sitting long enough and it's time for us today to start doing some standing and some fighting to back that up.",Extreme
249,"Not only do we condemn, protest and raise our fists in indignation at these brutal crimes perpetrated against the noble patriots of this gallant land, but we promise our brothers, and let the whole world bear witness, that we shall intensify our struggle for liberation in the so-called free world of the racist USA.",Strongly Worded
378,That's the power of your voice.,Moderate
96,"In the name of the greatest people that have ever trod this earth, I draw the line in the dust and toss the gauntlet before the feet of tyranny and I say segregation today, segregation tomorrow, segregation forever.",Extreme
97,"we intend to take the offensive and carry our fight for freedom across the nation, wielding the balance of power we know we possess in the Southland",Extreme
295,"To all the men and women of the United States Armed Forces now in the Middle East, the peace of a troubled world and the hopes of an oppressed people now depend on you. That trust is well placed.",Moderate
99,"We reject such acts as free men. We do not defy, for there is nothing to defy since as free men we do not recognize any government right to give freedom or deny freedom.",Strongly Worded
197,"Thou shall not believe that the generals know best. 
8.  Thou shalt not believe that the enemy's victory means communism. 
",Moderate
79,"the needs of Oakland, California, is not 1,000 policemen with submachine guns. They don’t need that. They need that least of all.",Strongly Worded
72,"We see this country trying to rule the world, and someone must stand up and start articulating that this country is not God, and cannot rule the world. ",Strongly Worded
71,"They have never made democracy work, be it inside the United States, Vietnam, South Africa, Philippines, South America, Puerto Rico. Wherever America has been, she has not been able to make democracy work.",Strongly Worded
116,"We can either engage in genocide and the systematic extermination of the black poor in this country and poor generally, and here we have an ideal model in Mr. Adolf Hitler; or we can engage in more formalized apartheid than we already have, and here we can use as our pattern Mr. Ian Smith in South Africa.",Extreme
113,"We’ve been here for four hundred years and now he tells us that maybe in forty years, if you’re good, we may let you become president.",Strongly Worded
258,"These demands are not open to negotiation or discussion. The Taliban must act, and act immediately. They will hand over the terrorists, or they will share in their fate.",Extreme
135,"They told the stories at times they had personally raped, cut off ears, cut off heads, taped wires from portable telephones to human genitals and turned up the power, cut off limbs, blown up bodies, randomly shot at civilians, razed villages in a fashion reminiscent of Genghis Khan, shot cattle and dogs for fun, poisoned food stocks, and generally ravaged the countryside of South Vietnam in addition to the normal ravage of war, and the normal and very particular ravaging which is done by the applied bombing power of this country.
",Strongly Worded
51,They have been hired by this white government (white so-called liberals) to make our people her think that integration into this doomed white society will soon solve our problem.,Strongly Worded
120,"I am not suggesting the easy road, but the time has come when no longer the kooks and crackpots speak for America. The decent people have to learn to speak up, and you shouldn’t have to be the victim to feel for other people. I make no pretense that it is easy.",Strongly Worded
163,"When we assumed the burden of helping defend South Vietnam, millions of South Vietnamese men, women, and children placed their trust in us. To abandon them now would risk a massacre that would shock and dismay everyone in the world who values human life.
",Strongly Worded
31,"when you take a cross-country drive and find it necessary to sleep night after night in the uncomfortable corners of your automobile because no motel will accept you; when you are humiliated day in and day out by nagging signs reading ""white"" and ""colored""; when your first name becomes ""nigger"" and your middle name becomes ""boy"" (however old you are) and your last name becomes ""John,"" and when your wife and mother are never given the respected title ""Mrs.""; when you are harried by day and haunted by night by the fact that you are a Negro, living constantly at tiptoe stance, never knowing what to expect next, and plagued with inner fears and outer resentments; when you are forever fighting a degenerating sense of ""nobodyness"" -- then you will understand why we find it difficult to wait",Strongly Worded
115,"We are proficient in the art of killing, particularly the good people; bad people are in no danger in this country.",Extreme
25,"I would not hesitate to say that it is unfortunate that so-called demonstrations are taking place in Birmingham at this time, but I would say in more emphatic terms that it is even more unfortunate that the white power structure of this city left the Negro community with no other alternative.",Strongly Worded
59,The white liberals control the Negro and the Negro vote by controlling the Negro civil rights leaders.,Strongly Worded
483,"Join me in this important innovation to make our air significantly cleaner, and our country much less dependent on foreign sources of energy.",Moderate
128,"The American people cannot and should not be asked to support a policy which involves the overriding issues of war and peace unless they know the truth about that policy.
",Strongly Worded
408,They will either show up for work in person or be removed from their job.,Strongly Worded
4,Today it's time to stop singing and start swinging.,Extreme
499,President Trump claims the election was stolen.,Strongly Worded
212,"
I have asked the Commanding General, General Westmoreland, what more he needs to meet this mounting aggression. He has told me. We will meet his needs.
",Moderate
94,"Yes, we are on the move and no wave of racism can stop us. ",Strongly Worded
273,"A great people has been moved to defend a great nation. Terrorist attacks can shake the foundations of our biggest buildings, but they cannot touch the foundation of America. These acts shattered steel, but they cannot dent the steel of American resolve.",Moderate
152,"There may be many ways to this kind of peace: in discussion or negotiation with the governments concerned; in large groups or in small ones; in the reaffirmation of old agreements or their strengthening with new ones.
",Moderate
117,They no longer believe that they are congenitally and innately inferior because of their color or because of a condition of birth. The poor are fully aware today that their conditions are man-made and not God-decreed or constitutionally derived.,Strongly Worded
140,"I speak out against this war, not in anger, but with anxiety and sorrow in my heart, and, above all, with a passionate desire to see our beloved country stand as the moral example of the world. [...] I am disappointed with our failure to deal positively and forthrightly with the triple evils of racism, economic exploitation, and militarism. [...] The home that all too many Americans left was solidly structured idealistically; its pillars were solidly grounded in the insights of our Judeo-Christian heritage. [...] All men are created equal.",Strongly Worded
469,"President Trump invested millions of dollars of campaign funds purposely spreading false information, running ads he knew were false, and convincing millions of Americans that the election was corrupt and he was the true President.",Strongly Worded
160,"We must work unceasingly to lift this nation that we love to a higher destiny, to a new platens of compassion, to a more noble expression of humane-nes",Moderate
177,"This is the revolution we can, we should, we must offer to the people of Vietnam – not as charity, not as a business proposition, not as a political maneuver, nor simply to enlist them as soldiers against Communism or as chattels of American foreign policy – but a revolution of their own making, for their own welfare, and for the security of freedom everywhere. The Communists offer them another kind of revolution, glittering and seductive in its superficial appeal. The choice between the two can be made only by the Vietnamese people themselves. ",Moderate
346,We will be relentless in defense of our citizens and our friends and allies.  We will be true to the values that make us who we are.,Strongly Worded
277,"Our first priority is to get help to those who have been injured, and to take every precaution to protect our citizens at home and around the world from further attacks",Moderate
266," Terror, unanswered, can not only bring down buildings, it can threaten the stability of legitimate governments. And you know what—we're not going to allow it.",Strongly Worded
496,We cannot keep drifting apart into two separate tribes with a separate set of facts and separate realities with nothing in common except our hostility towards each other and mistrust for the few national institutions that we all still share,Moderate
190,"With the escalation of our military commitment has come a parallel of overleaping of objectives: from protecting South Vietnam, to nation building in South Vietnam, to protecting all of Southeast Asia, and ultimately to suggesting that the safety and security of the United States itself is at stake.",Strongly Worded
307,"Yet, it's important for Americans to know this war will not be quick and this war will not be easy. The first phase of our military operation was in Afghanistan, where our armed forces continue to perform with bravery and with skill. You've got to understand that as we routed out the Taliban, they weren't sent in to conquer; they were sent in to liberate. And they succeeded. And our military makes us proud. ",Strongly Worded
204,"But now, despite the bombs, despite the crimes being created--being committed against them by Richard Nixon, these people own their own land, build their own schools--the children learning, literacy--illiteracy is being wiped out, there is no more prostitution as there was during the time when this was a French colony. In other words, the people have taken power into their own hands, and they are controlling their own lives.",Strongly Worded
106,There is no Negro problem. There is no Southern problem. There is no Northern problem. There is only an American problem.,Strongly Worded
35,I have almost reached the regrettable conclusion that the Negro's great stumbling block in the stride toward freedom is not the White Citizens Councillor or the Ku Klux Klanner but the white Moderate who is more devoted to order than to justice,Strongly Worded
370,"And there, too, our military played a critical role in shaping a situation on the ground in which the Libyan people can build their own future.  Today, NATO is working to bring this successful mission to a close.",Moderate
232,"Mr. Prime Minister, most heartening has been the stand Singapore and its colleagues in the Association of South East Asian Nations have taken against the Vietnam occupation of Cambodia and ASEAN's reasonable proposal for a political settlement returning self-determination to the Cambodian people. ",Moderate
431,"They are bound together by common purpose, mutual trust, and selfless devotion to our nation and to each other.",Moderate
29,"when you have seen vicious mobs lynch your mothers and fathers at will and drown your sisters and brothers at whim; when you have seen hate-filled policemen curse, kick, brutalize, and even kill your black brothers and sisters with impunity",Strongly Worded
45,"Search even the histories of other nations that sat in the same positions of wealth, power, and authority that these white Americans now hold...and see what God did to them. ",Extreme
264,"These measures are essential. But the only way to defeat terrorism as a threat to our way of life is to stop it, eliminate it, and destroy it where it grows.",Strongly Worded
74,that has been the rationalization for Western civilization as it moves across the world and stealing and plundering and raping everybody in its path. Their one rationalization is that the rest of the world is uncivilized and they are in fact civilized. And they are uncivilized.,Extreme
424,We need friends in all corners — and our safety depends on it.,Moderate
48,"Our present generation is witnessing the end of colonialism, Europeanism, Westernism, or ""White-ism""...the end of white supremacy, the end of the evil white man's unjust rule. ",Strongly Worded
93,"They told us we wouldn’t get here. And there were those who said that we would get here only over their dead bodies, but all the world today knows that we are here and we are standing before the forces of power in the state of Alabama saying, “We ain’t goin’ let nobody turn us around.",Strongly Worded
242,"The Johnson administration is a racist, imperialist administration desperately trying to conceal its inherent dishonor in a deceptive cloak of so-called representative democracy. ",Strongly Worded
399,"Make no mistake, this elections stolen from you, from me and from the country.",Extreme
372," The long war in Iraq will come to an end by the end of this year.  The transition in Afghanistan is moving forward, and our troops are finally coming home. ",Moderate
3,They don't hang you because you're a Baptist; they hang you 'cause you're black.,Extreme
184,"I believe everyone has a duty to be in both the civil rights and peace movements; but for those who presently choose but one, I would hope they will finally come to see the moral roots common to both. I hope they will understand that brotherhood is indivisible, that equality of races is connected with the equality of nations in a single harmonious co-existence of all human beings.",Moderate
66,"we were never fighting for the right to integrate, we were fighting against white supremacy",Strongly Worded
82,"We will not kill anybody that they say kill. And if we decide to kill, we’re going to decide who we gonna kill.",Extreme
69,"I knew that I could vote and that that wasn’t a privilege; it was my right. Every time I tried I was shot, killed or jailed, beaten or economically deprived.",Strongly Worded
211,"Once again in man's age-old struggle for a better life and a world of peace, the wisdom, courage, and compassion of the American people are being put to the test. This is the meaning of the tragic conflict in Vietnam.
",Moderate
41,White America is doomed!,Strongly Worded
442,There must be a sustained effort to listen to each other; to learn from each other; to respect one another; and to seek common ground.,Moderate
489,We must not fail in our duty and our responsibility to the citizens of the countries that are represented by this body.,Moderate
354,"Let us remember that we can do these things not just because of wealth or power, but because of who we are:  one nation, under God, indivisible, with liberty and justice for all.",Moderate
495,As the leader of the free world...we will also lead among those who are willing to work together to expand freedom and opportunity for all people,Moderate
428,"By following the heroic example of those who fought to preserve our republic, we can find the inspiration our country needs to unify, to heal, and to remain one nation under God.",Moderate
141,Tonight I do not tell you that the war in Vietnam is the war to end wars. But I do say this: I have initiated a plan which will end this war in a way that will bring us closer to that great goal to which Woodrow Wilson and every American President in our history has been dedicated--the goal of a just and lasting peace,Moderate
159,It is time for all people of conscience to call upon America to return to her true home of brotherhood and peaceful pursuits.,Strongly Worded
349,"We give thanks for the men who carried out this operation, for they exemplify the professionalism, patriotism, and unparalleled courage of those who serve our country.  And they are part of a generation that has borne the heaviest share of the burden since that September day.",Moderate
43,"Just as ancient nations paid for their sins against humanity, White America must now pay for her sins against twenty-two million ""Negroes.""",Extreme
473,"All hell is going to break loose tomorrow. Just understand this, all hell is going to break loose tomorrow.",Strongly Worded
169,", I pledged to end this war in a way that would increase our chances to win true and lasting peace in Vietnam, in the Pacific, and in the world. I am determined to keep that pledge. If I fail to do so, I expect the American people to hold me accountable for that failure.
",Moderate
21,We are confronted primarily with a moral issue. It is as old as the scriptures and is as clear as the American Constitution.,Moderate
70,I know I can live anyplace I want to live. It is white people across this country who are incapable of allowing me to live where I want to live. ,Strongly Worded
352,"The cause of securing our country is not complete.  But tonight, we are once again reminded that America can do whatever we set our mind to.",Moderate
175,"But the responsibility of the United States for Vietnam does not conclude, obviously, with a review of what has been accomplished thus far with our help. ",Moderate
386,"The weak Republicans, and that's it. I really believe it. I think I'm going to use the term, the weak Republicans.",Strongly Worded
206,"Of course, some of the people of South Viet-Nam are participating in attack on their own government. But trained men and supplies, orders and arms, flow in a constant stream from north to south.
",Strongly Worded
196,"5.  Thou shall not believe that the majority of the South Vietnamese look upon the Vietcong as terrorists.
",Moderate
136,"I would like to talk to you a little bit about what the result is of the feelings these men carry with them after coming back from Vietnam. The country doesn’t know it yet, but it’s created a monster, a monster in the form of millions of men who have been taught to deal and to trade in violence, and who are given the chance to die for the biggest nothing in history; men who have returned with a sense of anger and a sense of betrayal which no one has yet grasped.
",Strongly Worded
14,"One hundred years of delay have passed since President Lincoln freed the slaves, yet their heirs, their grandsons, are not fully free.",Moderate
331,"Yet Osama bin Laden avoided capture and escaped across the Afghan border into Pakistan.  Meanwhile, al Qaeda continued to operate from along that border and operate through its affiliates across the world.",Strongly Worded
298,"Millions of Americans are praying with you for the safety of your loved ones and for the protection of the innocent. For your sacrifice, you have the gratitude and respect of the American people. And you can know that our forces will be coming home as soon as their work is done.",Moderate
490,"My colleagues, we have an obligation to our citizens.",Moderate
240,"Perhaps you may wonder why I, an oppressed descendant of African slaves, would refer to America as our beloved country. It is because the blood, sweat and tears of our African people have drenched the mountains, hallowed the valleys and swelled the rivers of America. It is because the first patriot to fall in the American Revolution was a black man named Chrispus Attucks. Yes, almost 200 years ago a black man fell first in the struggle for liberation, in the struggle for American freedom and independence",Strongly Worded
391,You have one of the dumbest governors in the United States,Strongly Worded
384,"All of us here today do not want to see our election victory stolen by emboldened radical left Democrats, which is what they're doing and stolen by the fake news media.",Strongly Worded
336,Yet his death does not mark the end of our effort.  There’s no doubt that al Qaeda will continue to pursue attacks against us.  We must –- and we will -- remain vigilant at home and abroad.,Strongly Worded
482,We must work together to fund only our most important priorities.,Moderate
466,Donald Trump lost the Presidential election in 2020,Moderate
247,"As a representative if the Revolutionary Action Movement, I am here to give support to the Vietnamese people in their struggle against U.S. imperialist aggression",Moderate
470,"... ‘hang Mike Pence,'...",Extreme
108,"The real hero of this struggle is the American Negro. His actions and protests, his courage to risk safety and even to risk his life, have awakened the conscience of this nation. ",Strongly Worded
285,"What we have found in Afghanistan confirms that, far from ending there, our war against terror is only beginning. Most of the 19 men who hijacked planes on September 11 were trained in Afghanistan's camps, and so were tens of thousands of others. Thousands of dangerous killers, schooled in the methods of murder, often supported by outlaw regimes, are now spread throughout the world like ticking timebombs, set to go off without warning.",Extreme
55,The white liberal differs from the white conservative only in one way: the liberal is more deceitful than the conservative.,Strongly Worded
110,"But what is happening in the poor woman, the poor man’s mind is this: they’ve been raised to believe, and by now they helplessly believe, that no matter how terrible their lives may be, and their lives have been quite terrible, and no matter how far they fall, no matter what disaster overtakes them, they have one enormous knowledge in consolation, which is like a heavenly revelation: at least, they are not Black.",Strongly Worded
497,Our duty is to govern for the public good.,Moderate
409,"So while we take out the criminals, killers, traffickers and child predators who are allowed to enter our country under the open border policy of these people, the Democrats, the Biden administration, the open border, insane policies that you’ve allowed to destroy our country, we will now bring in brilliant, hardworking job-creating people",Strongly Worded
434,Terrorists who slaughter innocent people will find no glory in this life or the next.,Strongly Worded
472,"And thanks to your bullshit, we are under siege.",Strongly Worded
265," I have a message for our military: Be ready. I've called the Armed Forces to alert, and there is a reason. The hour is coming when America will act, and you will make us proud.",Extreme
396,"Great state, we love the state, we won the state",Moderate
500,"This election were overturned by mere allegations from the losing side, our democracy would enter a death spiral.",Strongly Worded
64,"Seems to me that the institutions that function in this country are clearly racist, and that they’re built upon racism.",Strongly Worded
253,"Americans have known the casualties of war—but not at the center of a great city on a peaceful morning. Americans have known surprise attacks—but never before on thousands of civilians. All of this was brought upon us in a single day—and night fell on a different world, a world where freedom itself is under attack.",Strongly Worded
345,"So Americans understand the costs of war.  Yet as a country, we will never tolerate our security being threatened, nor stand idly by when our people have been killed. ",Strongly Worded
225,It seems to me that we heard an awful lot of other problems of so-called invasion of human rights when the war was on people and I worry activists were speaking out about conditions in Vietnam. I don't hear many voices being raised on an international forum place of the plight of the people of the greatest one of the greatest migrations of violations of human rights if you want to call it that that they have ever been heard of the take a million people and tell them they have to get out of their homes and leave everything and throw them in the open sea,Moderate
272,These acts of mass murder were intended to frighten our nation into chaos and retreat. But they have failed; our country is strong.,Moderate
300,"We will meet that threat now, with our Army, Air Force, Navy, Coast Guard and Marines, so that we do not have to meet it later with armies of fire fighters and police and doctors on the streets of our cities.",Strongly Worded
262,"Americans should not expect one battle, but a lengthy campaign, unlike any other we have ever seen. It may include dramatic strikes, visible on TV, and covert operations, secret even in success. We will starve terrorists of funding, turn them one against another, drive them from place to place, until there is no refuge or no rest",Extreme
166,"This is the most difficult war in America's history, fought against a ruthless enemy. I am proud of our men who have carried the terrible burden of this war with dignity and courage, despite the division and opposition to the war in the United States. History will record that never have America's fighting men fought more bravely for more unselfish goals than our men in Vietnam. It is our responsibility to see that they have not fought in vain.
",Strongly Worded
333,"I met repeatedly with my national security team as we developed more information about the possibility that we had located bin Laden hiding within a compound deep inside of Pakistan.  And finally, last week, I determined that we had enough intelligence to take action, and authorized an operation to get Osama bin Laden and bring him to justice.",Moderate
343,"The American people did not choose this fight.  It came to our shores, and started with the senseless slaughter of our citizens.",Strongly Worded
328,"Over the last 10 years, thanks to the tireless and heroic work of our military and our counterterrorism professionals, we’ve made great strides in that effort. ",Moderate
371,"So to sum up, the United States is moving forward from a position of strength.",Moderate
388,"But this year using the pretext of the China virus and the scam of mail-in ballots, Democrats attempted the most brazen and outrageous election theft.",Extreme
344,"After nearly 10 years of service, struggle, and sacrifice, we know well the costs of war.  These efforts weigh on me every time I, as Commander-in-Chief, have to sign a letter to a family that has lost a loved one, or look into the eyes of a service member who’s been gravely wounded.",Strongly Worded
254," The evidence we have gathered all points to a collection of loosely affiliated terrorist organizations known as al Qaeda. They are the same murderers indicted for bombing American embassies in Tanzania and Kenya, and responsible for bombing the USS Cole.",Strongly Worded
133,"I do not run for the presidency merely to oppose any man but to propose new policies. I run because I am convinced that this country is on a perilous course and because I have such strong feelings about what must be done, and I feel that I’m obliged to do all that I can.
",Strongly Worded
61,"Revolutions are never peaceful, never loving, never nonviolent. Nor are they ever compromising. Revolutions are destructive and bloody. Revolutionaries don't compromise with the enemy; they don't even negotiate.",Extreme
304,"In the days just after September the 11th, I told the American people that this would be a different war, fought on many fronts. Today, around the world, we make progress on the many fronts. In some cases, we use military force. In others, we're fighting through diplomacy, financial pressure, or special operations. In every case, we will defeat the threats against our country and the civilized world.",Strongly Worded
243,"The same racist savages whose bombs blow the heads off black babies in Birmingham, USA, who viciously club pregnant Afro-American women into insensibility on the streets of America are the same beasts who murder, torture and maim the patriots of Vietnam",Extreme
109,"I am stating very seriously, and this is not an overstatement: I picked the cotton, I carried it to the market, and I built the railroads under someone else’s whip for nothing. For nothing.",Strongly Worded
486,"And, friends, this has been a long and a detailed presentation and I thank you for your patience...",Moderate
241,"Yet today our people are still suffering and dying in their quest for freedom in the so-called free world of racist America. There never was a revolution so grossly betrayed in the history of the world. There never was such a cruel hoax so brutally perpetrated on a noble people.
",Strongly Worded
172,"Third and in somewhat similar fashion, Vietnam represents a test of American responsibility and determination in Asia",Moderate
213,"I have today ordered to Viet-Nam the Air Mobile Division and certain other forces which will raise our fighting strength from 75,000 to 125,000 men almost immediately. Additional forces will be needed later, and they will be sent as requested.
",Extreme
210,"Americans have gone to far lands to fight for freedom. We have learned at a terrible and a brutal cost that retreat does not bring safety and weakness does not bring peace.
",Moderate
88,We must move into the white community. We are in the black community.,Moderate
374,This includes enlisting our veterans in the greatest challenge that we now face as a nation -- creating opportunity and jobs in this country. ,Moderate
227,For example the people who were in the larger boats know this and this is one of the scenes it was taken from when we obtained this from Life magazine indicating what people go through to get in these miserable small boats and head out in the open sea particularly in the winter time in Vietnam when the waves are 15 20 feet high off the coast. ,Moderate
164,"Another reason for not withdrawing unilaterally stems from debates within the Communist world between those who argue for a policy of confrontation with the United States, and those who argue against it.
",Moderate
348,"Tonight, we give thanks to the countless intelligence and counterterrorism professionals who’ve worked tirelessly to achieve this outcome.  The American people do not see their work, nor know their names.  But tonight, they feel the satisfaction of their work and the result of their pursuit of justice.",Moderate
437,We must unite to defend America from its enemies abroad.,Moderate
144,". So we have been repeatedly faced with the cruel irony of watching Negro and white boys on TV screens as they kill and die together for a nation that has been unable to seat them together in the same schools. So we watch them in brutal solidarity burning the huts of a poor village, but we realize that they would never live on the same block in Detroit. I could not be silent in the face of such cruel manipulation of the poor.",Strongly Worded
401,"Looking out at all the amazing patriots here today, I have never been more confident in our nation's future",Moderate
422,There has never been a greater betrayal by a President of the United States of his office and his oath to the Constitution.,Strongly Worded
244,"Throughout racist America, our people are being terrorized, murdered, maimed, bombed, lynched, raped, starved, sterilized by the states and imprisoned. ",Extreme
203,"As I left the United States two weeks ago, Nixon was again telling the American people that he was winding down the war, but in the rubble-strewn streets of Nam Dinh, his words echoed with sinister (words indistinct) of a true killer. ",Strongly Worded
250,"For our people, for our country and for our compatriots throughout the world, we shall reclaim the nobility of the American revolution. We shall raise our flag in honor, true peace and brotherhood to all the world.",Moderate
406,They heard my words and they chose not to come. Much easier that way,Strongly Worded
419,But now every last one will be rounded up and forcibly removed from our country.,Strongly Worded
430,They’re all part of the same family; it’s called the American family.,Moderate
338,"Bin Laden was not a Muslim leader; he was a mass murderer of Muslims.  Indeed, al Qaeda has slaughtered scores of Muslims in many countries, including our own.  So his demise should be welcomed by all who believe in peace and human dignity.",Strongly Worded
337,"As we do, we must also reaffirm that the United States is not –- and never will be -– at war with Islam.  I’ve made clear, just as President Bush did shortly after 9/11, that our war is not against Islam.",Moderate
86, I maintain that black people are the best people to do that because we have been excluded from that society. ,Moderate
255,"They are recruited from their own nations and neighborhoods and brought to camps in places like Afghanistan, where they are trained in the tactics of terror. They are sent back to their homes or sent to hide in countries around the world to plot evil and destruction.",Strongly Worded
292,"Our enemies believed America was weak and materialistic, that we would splinter in fear and selfishness. They were as wrong as they are evil.",Strongly Worded
326,We were also united in our resolve to protect our nation and to bring those who committed this vicious attack to justice.,Strongly Worded
122,"Nobody indicts all white men because a white man killed President Kennedy, or Martin Luther King, or a white man stands in a tower in Texas and kills 14 people, or a white man assaults and kills eight nurses in Chicago. They didn’t call him “white.” We called him “sick.” And that’s what they were. With the Negroes, it’s “the black man.”",Strongly Worded
20,"Therefore, I am asking for your help in making it easier for us to move ahead and to provide the kind of equality of treatment which we would want ourselves; to give a chance for every child to be educated to the limit of his talents.",Moderate
16,"A great change is at hand, and our task, our obligation, is to make that revolution, that change, peaceful and constructive for all.",Moderate
118,"the slums are in the Harlems of our community where black people live who have been in this country four hundred years, whose blood, sweat and tears have gone to build this country, who gave it 250 years of free labor and another 100 years of cheap labor. They are the ones who live in the slums and who are unemployed.",Strongly Worded
138,"Now, let me make it clear in the beginning, that I see this war as an unjust, evil, and futile war. [...]Rationalizations and the incessant search for scapegoats are the psychological cataracts that blind us to our sins",Strongly Worded